url	primary language	stars	commits	merges	avg message	rat issue refs
https://github.com/twbs/bootstrap	JavaScript	114167	16656	4096	72.5949807877	0.325828530259
https://github.com/facebook/react	JavaScript	73730	8919	2431	136.678327167	0.473483574392
https://github.com/d3/d3	JavaScript	67305	4094	684	87.3878847093	0.0979482169028
https://github.com/tensorflow/tensorflow	C++	67186	20908	2279	161.979385881	0.179787641094
https://github.com/vuejs/vue	JavaScript	63737	2112	7	49.9630681818	0.274147727273
https://github.com/robbyrussell/oh-my-zsh	Shell	57808	4319	1509	86.4878444084	0.361426256078
https://github.com/angular/angular.js	JavaScript	56781	8567	36	163.394303724	0.416131668028
https://github.com/FortAwesome/Font-Awesome	HTML	51938	1151	151	50.7958297133	0.391833188532
https://github.com/torvalds/linux	C	48110	692970	50409	507.982778475	0.0112472401403
https://github.com/moby/moby	Go	45049	33303	13982	144.91805543	0.454103233943
https://github.com/daneden/animate.css	CSS	44271	374	97	57.9919786096	0.288770053476
https://github.com/apple/swift	C++	39914	58072	10200	256.584050833	0.154084584654
https://github.com/atom/atom	CoffeeScript	39255	32848	3456	63.1319715051	0.103019970774
https://github.com/nodejs/node	JavaScript	38249	18526	349	249.900788082	0.0840980243981
https://github.com/meteor/meteor	JavaScript	38062	19375	1674	97.8537290323	0.0956387096774
https://github.com/h5bp/html5-boilerplate	JavaScript	38045	1602	198	118.925093633	0.327715355805
https://github.com/rails/rails	Ruby	36672	64309	13432	123.965168172	0.317047380615
https://github.com/laravel/laravel	PHP	34153	5394	1218	54.8917315536	0.176863181313
https://github.com/expressjs/express	JavaScript	33437	5404	458	38.5877128053	0.10991857883
https://github.com/Microsoft/vscode	TypeScript	32097	22416	1635	51.8744200571	0.392264453961
https://github.com/chartjs/Chart.js	JavaScript	31755	2415	591	85.517184265	0.317598343685
https://github.com/golang/go	Go	31113	33456	81	353.050962458	0.302367288379
https://github.com/google/material-design-icons	CSS	30968	120	19	70.2166666667	0.2
https://github.com/jekyll/jekyll	Ruby	30790	9157	1957	67.8074696953	0.446106803538
https://github.com/pallets/flask	Python	29068	3077	701	67.7468313292	0.286317842054
https://github.com/adobe/brackets	JavaScript	27920	17498	5764	87.708595268	0.274888558692
https://github.com/django/django	Python	27600	24750	591	157.915959596	0.616202020202
https://github.com/necolas/normalize.css	CSS	27428	346	31	102.523121387	0.260115606936
https://github.com/jashkenas/backbone	JavaScript	26603	3357	933	66.1474530831	0.350014894251
https://github.com/zurb/foundation-sites	JavaScript	26090	14957	4154	69.5396135589	0.201845289831
https://github.com/kubernetes/kubernetes	Go	26024	53224	22801	176.586802946	0.453855403577
https://github.com/Microsoft/TypeScript	TypeScript	24998	18897	5127	124.539027359	0.230301105996
https://github.com/ansible/ansible	Python	24860	32258	5422	116.960970922	0.38808977618
https://github.com/Alamofire/Alamofire	Swift	24836	1193	159	85.0846605197	0.23973176865
https://github.com/antirez/redis	C	24818	6293	582	133.403940887	0.135388526935
https://github.com/elastic/elasticsearch	Java	24493	28534	2965	183.671339455	0.40383402257
https://github.com/neovim/neovim	Vim script	23700	9143	1688	161.101389041	0.334791643881
https://github.com/TryGhost/Ghost	JavaScript	23598	7541	2752	147.052910755	0.717013658666
https://github.com/firehol/netdata	C	23307	5175	1065	61.6587439614	0.28193236715
https://github.com/rust-lang/rust	Rust	23061	66695	17575	165.071114776	0.366414273934
https://github.com/discourse/discourse	Ruby	22395	24223	3718	67.5837014408	0.152458407299
https://github.com/babel/babel	JavaScript	22164	8217	970	59.7368869417	0.284166970914
https://github.com/tastejs/todomvc	JavaScript	21835	2826	655	75.1337579618	0.325194621373
https://github.com/Modernizr/Modernizr	JavaScript	20916	2398	682	90.142618849	0.370308590492
https://github.com/scikit-learn/scikit-learn	Python	20629	22161	2955	75.5136952304	0.1516628311
https://github.com/ecomfe/echarts	JavaScript	19962	3953	371	30.0098659246	0.106501391348
https://github.com/BVLC/caffe	C++	19681	4045	998	81.8971569839	0.264029666255
https://github.com/rethinkdb/rethinkdb	C++	19599	33307	6957	63.0505599424	0.0626294772871
https://github.com/Leaflet/Leaflet	JavaScript	19184	6353	1467	67.0838973713	0.368959546671
https://github.com/fchollet/keras	Python	18719	3818	675	78.7480356207	0.316919853326
https://github.com/serverless/serverless	JavaScript	18423	7176	1598	58.0358138239	0.210702341137
https://github.com/emberjs/ember.js	JavaScript	18150	14831	5244	111.514597802	0.394174364507
https://github.com/Polymer/polymer	HTML	18123	5491	984	64.321799308	0.201238390093
https://github.com/balderdashy/sails	JavaScript	17615	6674	889	67.9089002098	0.0821096793527
https://github.com/fastlane/fastlane	Ruby	17576	13563	2500	69.1495981715	0.300818403008
https://github.com/videojs/video.js	JavaScript	17262	2892	416	85.6230982019	0.40387275242
https://github.com/grafana/grafana	Go	17251	10812	2004	65.0538290788	0.305678875324
https://github.com/IanLunn/Hover	CSS	17243	98	12	46.0510204082	0.0612244897959
https://github.com/JetBrains/kotlin	Kotlin	16865	40875	602	78.2455779817	0.00773088685015
https://github.com/GitbookIO/gitbook	JavaScript	16062	2373	207	44.380952381	0.156342182891
https://github.com/photonstorm/phaser	HTML	16005	6639	864	99.3681277301	0.214942009339
https://github.com/SamyPesse/How-to-Make-a-Computer-Operating-System	C	15841	243	44	37.0288065844	0.185185185185
https://github.com/spring-projects/spring-framework	Java	15694	15181	571	140.771095448	0.0320137013372
https://github.com/VundleVim/Vundle.vim	Vim script	15548	623	84	59.077046549	0.158908507223
https://github.com/ajaxorg/ace	JavaScript	15544	6873	1321	53.2274116107	0.181580096028
https://github.com/pixijs/pixi.js	JavaScript	15495	4434	1019	70.602390618	0.292286874154
https://github.com/SwiftyJSON/SwiftyJSON	Swift	15231	647	202	66.5857805255	0.292117465224
https://github.com/bower/bower	JavaScript	15209	2676	439	55.8770553064	0.231689088191
https://github.com/mitchellh/vagrant	Ruby	15115	10137	1562	76.6304626615	0.170760580053
https://github.com/symfony/symfony	PHP	15004	32570	12898	320.149831133	0.337519189438
https://github.com/less/less.js	JavaScript	15003	2683	439	64.3313455088	0.219157659337
https://github.com/jashkenas/coffeescript	CoffeeScript	14156	4295	654	79.2295692666	0.266821885914
https://github.com/twbs/ratchet	CSS	13975	1401	273	43.0157030692	0.184154175589
https://github.com/raywenderlich/swift-algorithm-club	Swift	13757	1685	424	55.4225519288	0.214243323442
https://github.com/getsentry/sentry	Python	13551	19107	2127	57.3476212906	0.140681425656
https://github.com/limetext/lime		13541	1101	204	71.6067211626	0.254314259764
https://github.com/npm/npm	JavaScript	13513	7810	36	72.0910371319	0.0991037131882
https://github.com/designmodo/Flat-UI	CSS	13251	221	42	49.8597285068	0.171945701357
https://github.com/hubotio/hubot	JavaScript	13075	2000	539	73.51	0.2505
https://github.com/mochajs/mocha	JavaScript	13063	2313	495	69.2689148292	0.337656722871
https://github.com/facebook/flow	OCaml	13045	4891	84	418.681455735	0.0556123492128
https://github.com/standard/standard	JavaScript	13015	1198	196	53.183639399	0.20367278798
https://github.com/ggreer/the_silver_searcher	C	12991	1919	403	65.8165711308	0.221469515373
https://github.com/ruby/ruby	Ruby	12761	47318	4	218.029629317	0.106809248066
https://github.com/php/php-src	C	12645	104028	13123	73.8028030915	0.170800169185
https://github.com/syl20bnr/spacemacs	Emacs Lisp	12541	7405	36	87.2326806212	0.072113436867
https://github.com/python/cpython	Python	12370	99756	12377	144.822787602	0.331368539236
https://github.com/libgdx/libgdx	Java	12203	12981	2492	70.578075649	0.182343425006
https://github.com/Microsoft/CNTK	C++	12086	14797	2744	79.2699871596	0.0075015205785
https://github.com/mongodb/mongo	C++	12062	38859	2289	73.3603541007	0.00934146529761
https://github.com/PerfectlySoft/Perfect	Swift	12005	753	82	109.555112882	0.0903054448871
https://github.com/ipython/ipython	Python	11812	22772	4732	91.1246706482	0.221500087827
https://github.com/etsy/statsd	JavaScript	11809	934	290	77.0942184154	0.281584582441
https://github.com/Mashape/kong	Lua	11524	3469	786	98.1902565581	0.269241856443
https://github.com/ionic-team/ionicons	HTML	11397	131	9	34.6106870229	0.12213740458
https://github.com/textmate/textmate	Objective-C++	11368	4622	4	142.520986586	0.0592816962354
https://github.com/adobe-fonts/source-code-pro	Python	11291	326	37	73.9233128834	0.101226993865
https://github.com/elixir-lang/elixir	Elixir	10791	13068	1914	68.4339608203	0.287037037037
https://github.com/apache/incubator-mxnet	Python	10772	5825	1349	84.1035193133	0.459399141631
https://github.com/cocos2d/cocos2d-x	C++	10700	36385	12604	80.5883193624	0.418908891027
https://github.com/Netflix/Hystrix	Java	10699	2080	628	86.7168269231	0.309134615385
https://github.com/substack/stream-handbook	JavaScript	10554	97	15	39.3505154639	0.103092783505
https://github.com/apache/incubator-predictionio	Scala	10350	4319	579	49.7460060199	0.0555684186154
https://github.com/sass/sass	Ruby	10310	6428	1367	73.9425948973	0.0875855631612
https://github.com/linnovate/mean	JavaScript	10255	1884	470	55.5806794055	0.213906581741
https://github.com/GoogleChrome/lighthouse	JavaScript	10150	2178	339	76.1694214876	0.582185491276
https://github.com/alcatraz/Alcatraz	Objective-C	10033	762	120	50.6719160105	0.162729658793
https://github.com/Carthage/Carthage	Swift	9964	3461	870	69.0878358856	0.222190118463
https://github.com/aurelia/framework	JavaScript	9939	584	115	71.3184931507	0.150684931507
https://github.com/buunguyen/octotree	JavaScript	9818	490	92	46.187755102	0.234693877551
https://github.com/composer/composer	PHP	9799	7520	1755	69.0357712766	0.300265957447
https://github.com/gionkunz/chartist-js	JavaScript	9774	841	100	58.9453032105	0.219976218787
https://github.com/capistrano/capistrano	Ruby	9766	1532	530	107.552872063	0.396214099217
https://github.com/LightTable/LightTable	Clojure	9730	1232	289	96.4212662338	0.268668831169
https://github.com/addyosmani/backbone-fundamentals	JavaScript	9730	1351	422	74.074019245	0.39526276832
https://github.com/facebook/osquery	C++	9710	3851	1063	80.9914307972	0.574915606336
https://github.com/CocoaPods/CocoaPods	Ruby	9684	6956	1045	78.8637147786	0.198964922369
https://github.com/playframework/playframework	Scala	9634	8426	2727	100.798124852	0.467481604557
https://github.com/sinatra/sinatra	Ruby	9531	3824	739	74.4657426778	0.222280334728
https://github.com/rapid7/metasploit-framework	Ruby	9391	43263	7792	89.8140212191	0.178073642605
https://github.com/sindresorhus/quick-look-plugins		9391	40	5	58.85	0.525
https://github.com/google/fonts	Protocol Buffer	9357	1129	64	58.2816651904	0.490699734278
https://github.com/pouchdb/pouchdb	JavaScript	9279	4208	283	83.6682509506	0.74786121673
https://github.com/hashicorp/terraform	Go	9187	20176	4237	128.040444092	0.324296193497
https://github.com/JuliaLang/julia	Julia	9034	38085	9624	92.120178548	0.358697649993
https://github.com/gabrielecirulli/2048	CSS	8981	176	34	44.2556818182	0.1875
https://github.com/godotengine/godot	C++	8962	8489	3016	93.7151607963	0.461302862528
https://github.com/fabric/fabric	Python	8928	3759	860	60.905027933	0.21308858739
https://github.com/jenkinsci/jenkins	Java	8901	25418	3153	151.614131718	0.114918561649
https://github.com/crystal-lang/crystal	Crystal	8783	9824	1016	62.5406148208	0.229336319218
https://github.com/scala/scala	Scala	8733	27456	4475	168.742460664	0.225888694639
https://github.com/revel/revel	Go	8657	1401	321	74.3832976445	0.242683797288
https://github.com/koalaman/shellcheck	Haskell	8557	887	70	54.7328072153	0.0800450958286
https://github.com/Homebrew/brew	Ruby	8422	13789	1386	110.753281601	0.306983827689
https://github.com/dmlc/xgboost	C++	8387	3117	628	65.7000320821	0.244786653834
https://github.com/knockout/knockout	JavaScript	8383	1559	321	91.8742783836	0.250801796023
https://github.com/stylus/stylus	JavaScript	8383	3889	530	43.2612496786	0.197222936488
https://github.com/eslint/eslint	JavaScript	8364	5982	2109	102.959378134	0.816449348044
https://github.com/saltstack/salt	Python	7989	84818	26432	84.9646773091	0.348487349383
https://github.com/jordansissel/fpm	Ruby	7953	2039	443	86.53212359	0.279058361942
https://github.com/bbatsov/rubocop	Ruby	7949	6226	1409	130.263090267	0.436235142949
https://github.com/dotnet/roslyn	C#	7946	28792	8820	117.085683523	0.313350930814
https://github.com/elastic/logstash	Ruby	7858	8233	1201	94.321996842	0.34835418438
https://github.com/jhipster/generator-jhipster	JavaScript	7822	11573	2963	66.5332238832	0.312710619545
https://github.com/harthur/brain	JavaScript	7795	150	16	49.0866666667	0.113333333333
https://github.com/karpathy/convnetjs	JavaScript	7762	89	15	90.2359550562	0.157303370787
https://github.com/PowerShell/PowerShell	C#	7599	5174	926	119.852145342	0.298608426749
https://github.com/mishoo/UglifyJS	JavaScript	7588	540	70	92.1574074074	0.288888888889
https://github.com/mrmrs/colors	CSS	7528	168	24	48.4642857143	0.119047619048
https://github.com/realm/SwiftLint	Swift	7447	3207	797	72.4530714063	0.287496102276
https://github.com/jacomyal/sigma.js	JavaScript	7420	814	130	68.6486486486	0.12285012285
https://github.com/redox-os/redox	Shell	7372	1329	129	40.3634311512	0.0759969902182
https://github.com/jshint/jshint	JavaScript	7362	1958	338	133.344228805	0.319203268641
https://github.com/connors/photon	CSS	7328	261	20	25.9961685824	0.0689655172414
https://github.com/mozilla/BrowserQuest	JavaScript	7265	153	5	51.6928104575	0.0
https://github.com/CRYTEK/CRYENGINE	C++	7252	2248	169	410.327402135	0.00711743772242
https://github.com/cakephp/cakephp	PHP	7219	32858	5978	107.722715929	0.290827195812
https://github.com/facebook/infer	OCaml	7082	3475	0	258.462733813	0.0155395683453
https://github.com/Compass/compass	CSS	6932	3536	368	69.4988687783	0.0786199095023
https://github.com/howdyai/botkit	JavaScript	6836	1488	353	53.7036290323	0.165994623656
https://github.com/twitter/twemoji	JavaScript	6821	214	49	93.5514018692	0.266355140187
https://github.com/Theano/Theano	Python	6793	27098	4270	59.565835117	0.133921322607
https://github.com/Moya/Moya	Swift	6736	2165	567	60.3191685912	0.254965357968
https://github.com/Quick/Quick	Swift	6732	1351	333	84.6350851221	0.267209474463
https://github.com/mozilla/metrics-graphics	JavaScript	6702	1436	197	47.1650417827	0.41643454039
https://github.com/xmartlabs/Eureka	Swift	6676	597	220	70.2964824121	0.489112227806
https://github.com/clojure/clojure	Java	6521	3065	40	75.0150081566	0.0730831973899
https://github.com/zeroclipboard/zeroclipboard	JavaScript	6262	663	102	64.1010558069	0.316742081448
https://github.com/aframevr/aframe	JavaScript	6208	3576	820	84.2323825503	0.43903803132
https://github.com/ShareX/ShareX	C#	6197	3846	415	55.9555382215	0.172386895476
https://github.com/charliesome/better_errors	Ruby	6186	485	89	62.1649484536	0.263917525773
https://github.com/libgit2/libgit2	C	6153	10400	2416	149.824326923	0.233653846154
https://github.com/beetbox/beets	Python	6082	7838	951	82.8137279918	0.261163562133
https://github.com/travis-ci/travis-ci		5963	3611	411	55.1326502354	0.0479091664359
https://github.com/SFTtech/openage	C++	5948	2719	442	70.1636631114	0.142699521883
https://github.com/middleman/middleman	Ruby	5945	3192	549	59.6926691729	0.247493734336
https://github.com/apex/apex	Go	5912	702	104	64.8404558405	0.408831908832
https://github.com/fivethirtyeight/data	Jupyter Notebook	5885	712	65	35.6924157303	0.060393258427
https://github.com/erlang/otp	Erlang	5878	26155	8891	158.273561461	0.00665264767731
https://github.com/primer/primer-css	CSS	5856	882	182	61.3990929705	0.162131519274
https://github.com/dc-js/dc.js	JavaScript	5787	2593	400	59.9120709603	0.246432703432
https://github.com/matplotlib/matplotlib	Python	5736	22453	4591	101.264329934	0.248296441455
https://github.com/apple/swift-package-manager	Swift	5695	3317	1004	110.741031052	0.294543261984
https://github.com/clips/pattern	Python	5608	967	57	57.7125129266	0.028955532575
https://github.com/lerna/lerna	JavaScript	5514	624	58	111.326923077	0.543269230769
https://github.com/NancyFx/Nancy	C#	5503	5405	1195	75.8399629972	0.224051803885
https://github.com/joshuaclayton/blueprint-css	CSS	5492	473	2	67.3636363636	0.0295983086681
https://github.com/guard/guard	Ruby	5403	2321	373	62.8276604912	0.16156828953
https://github.com/BabylonJS/Babylon.js	TypeScript	5350	7775	2426	68.7728617363	0.246816720257
https://github.com/WebpageFX/emoji-cheat-sheet.com	HTML	5247	673	242	56.338781575	0.358098068351
https://github.com/mediaelement/mediaelement	JavaScript	5222	4570	946	60.5175054705	0.115754923414
https://github.com/donnemartin/gitsome	Python	5218	981	40	41.8685015291	0.0682976554536
https://github.com/vega/vega	HTML	5197	2028	273	46.2440828402	0.145463510848
https://github.com/radare/radare2	C	5180	15517	84	65.5582909067	0.172327125089
https://github.com/Masterminds/glide	Go	5157	1049	204	70.9761677788	0.30409914204
https://github.com/numenta/nupic	Python	5149	6564	1901	99.7064290067	0.223644119439
https://github.com/zulip/zulip	Python	5119	20240	1	152.987796443	0.0729249011858
https://github.com/alexwolfe/Buttons	JavaScript	5070	271	31	38.0	0.107011070111
https://github.com/micropython/micropython	C	5043	8199	522	121.923161361	0.0819612147823
https://github.com/github/linguist	Ruby	4960	5610	1587	70.3909090909	0.275935828877
https://github.com/chef/chef	Ruby	4950	19608	4027	85.1149020808	0.135811913505
https://github.com/epochjs/epoch	HTML	4863	492	75	64.5853658537	0.426829268293
https://github.com/JohnLangford/vowpal_wabbit	C++	4785	7250	1740	54.9475862069	0.117655172414
https://github.com/FormidableLabs/victory	JavaScript	4763	536	133	50.0410447761	0.223880597015
https://github.com/facebook/react-vr	JavaScript	4701	172	0	369.0	0.0523255813953
https://github.com/slap-editor/slap	JavaScript	4645	756	79	44.5873015873	0.12037037037
https://github.com/Miserlou/Zappa	Python	4622	2144	566	57.0564365672	0.225746268657
https://github.com/componentjs/component	JavaScript	4610	764	98	42.3272251309	0.166230366492
https://github.com/densitydesign/raw	JavaScript	4603	357	37	29.8067226891	0.0672268907563
https://github.com/puppetlabs/puppet	Ruby	4602	25739	7067	254.439411011	0.382532343914
https://github.com/deployphp/deployer	PHP	4589	1504	312	50.5611702128	0.233377659574
https://github.com/cazala/synaptic	JavaScript	4544	260	38	45.7192307692	0.161538461538
https://github.com/be5invis/Iosevka	JavaScript	4515	1031	81	32.0533462658	0.0368574199806
https://github.com/thinkaurelius/titan	Java	4487	4434	510	161.056833559	0.0994587280108
https://github.com/docker/dockercraft	Lua	4481	198	36	76.095959596	0.20202020202
https://github.com/MonoGame/MonoGame	C#	4476	11520	3682	91.1677951389	0.249913194444
https://github.com/NYTimes/objective-c-style-guide		4460	263	72	56.2775665399	0.281368821293
https://github.com/gka/chroma.js	CoffeeScript	4441	340	27	39.2088235294	0.105882352941
https://github.com/sharelatex/sharelatex	CoffeeScript	4437	250	35	42.788	0.104
https://github.com/chaijs/chai	JavaScript	4421	1430	348	66.2265734266	0.299300699301
https://github.com/keithwhor/nodal	JavaScript	4417	771	108	46.6848249027	0.10635538262
https://github.com/OpenRA/OpenRA	C#	4401	23907	4802	69.1131467771	0.242857740411
https://github.com/sjwhitworth/golearn	Go	4392	399	100	61.3182957393	0.230576441103
https://github.com/basscss/basscss	CSS	4351	985	80	24.2822335025	0.0456852791878
https://github.com/presidentbeef/brakeman	Ruby	4333	2892	665	68.239626556	0.22510373444
https://github.com/derbyjs/derby	JavaScript	4278	1722	76	48.6277584204	0.0209059233449
https://github.com/erikflowers/weather-icons	CSS	4265	149	26	48.2483221477	0.140939597315
https://github.com/WhitestormJS/whs.js	JavaScript	4254	2088	187	30.5359195402	0.19061302682
https://github.com/mopidy/mopidy	Python	4163	7570	966	66.3079260238	0.113077939234
https://github.com/coolwanglu/vim.js	C	4150	219	19	13.7899543379	0.00456621004566
https://github.com/jplayer/jPlayer	JavaScript	4131	395	36	65.3696202532	0.139240506329
https://github.com/arangodb/arangodb	C++	4109	40974	9010	54.5663835603	0.0428320398301
https://github.com/hanami/hanami	Ruby	4102	1416	398	76.3460451977	0.255649717514
https://github.com/neo4j/neo4j	Java	4093	48790	11113	124.485570814	0.146382455421
https://github.com/sympy/sympy	Python	4079	28939	5028	118.198244583	0.17809875946
https://github.com/elm-lang/elm-compiler	Haskell	3978	4106	564	67.2803214808	0.117876278617
https://github.com/primer/octicons	JavaScript	3951	268	67	53.6343283582	0.242537313433
https://github.com/exercism/exercism.io	Ruby	3949	6627	1520	81.356571601	0.29123283537
https://github.com/atlemo/SubtlePatterns	HTML	3920	52	10	45.8269230769	0.115384615385
https://github.com/nim-lang/Nim	Nim	3906	11002	2303	61.3567533176	0.303762952191
https://github.com/sorich87/bootstrap-tour	CoffeeScript	3899	650	133	60.3830769231	0.170769230769
https://github.com/CSSLint/csslint	JavaScript	3860	605	125	62.9669421488	0.345454545455
https://github.com/benpickles/peity	HTML	3859	319	30	48.526645768	0.0783699059561
https://github.com/skywinder/github-changelog-generator	Ruby	3857	1441	433	42.9181124219	0.158917418459
https://github.com/purescript/purescript	Haskell	3853	3688	929	78.8253796095	0.40726681128
https://github.com/newsapps/beeswithmachineguns	Python	3849	216	55	69.3333333333	0.240740740741
https://github.com/AudioKit/AudioKit	Swift	3809	4049	706	54.130155594	0.0918745369227
https://github.com/overtone/overtone	Clojure	3789	2984	284	74.0164209115	0.0596514745308
https://github.com/pypa/pip	Python	3783	5383	1337	82.0481144343	0.287386215865
https://github.com/CodeboxIDE/codebox	JavaScript	3769	2016	94	41.8030753968	0.0952380952381
https://github.com/graphite-project/graphite-web	JavaScript	3696	3358	857	82.549434187	0.264740917213
https://github.com/stylelint/stylelint	JavaScript	3654	3409	806	63.4247579935	0.443825168671
https://github.com/guardian/frontend	HTML	3623	74885	22416	58.011123723	0.196154102958
https://github.com/doublespeakgames/adarkroom	JavaScript	3609	735	210	92.9510204082	0.284353741497
https://github.com/manuelkiessling/nodebeginner.org	HTML	3595	454	61	48.59030837	0.0991189427313
https://github.com/emojione/emojione	PHP	3590	699	123	40.7067238913	0.115879828326
https://github.com/SpaceVim/SpaceVim	Vim script	3572	1623	316	37.6648182378	0.186691312384
https://github.com/sass/libsass	C++	3556	3713	1005	84.0296256396	0.271747912739
https://github.com/patchthecode/JTAppleCalendar	Swift	3548	763	32	46.745740498	0.0419397116645
https://github.com/Soundnode/soundnode-app	JavaScript	3543	860	317	64.8186046512	0.429069767442
https://github.com/wbond/package_control	Python	3527	947	46	79.8711721225	0.0485744456177
https://github.com/snowplow/snowplow	Scala	3515	5452	210	55.5506236244	0.301357300073
https://github.com/cisco/ChezScheme	Scheme	3498	251	57	135.689243028	0.139442231076
https://github.com/mozilla/Fira	CSS	3447	118	31	121.576271186	0.254237288136
https://github.com/ryanb/ruby-warrior	Ruby	3420	221	6	49.8009049774	0.0814479638009
https://github.com/scottschiller/SoundManager2	JavaScript	3397	1404	60	86.2115384615	0.022792022792
https://github.com/gitpitch/gitpitch	Java	3376	96	2	81.5520833333	0.09375
https://github.com/Khan/tota11y	JavaScript	3359	317	31	148.094637224	0.141955835962
https://github.com/rtyley/bfg-repo-cleaner	Scala	3353	443	16	139.532731377	0.0948081264108
https://github.com/uber/deck.gl	JavaScript	3347	965	35	84.4020725389	0.525388601036
https://github.com/AlexNisnevich/untrusted	JavaScript	3317	1091	252	51.6040329973	0.186984417965
https://github.com/spine/spine	JavaScript	3315	950	182	56.1884210526	0.223157894737
https://github.com/nathansmith/960-Grid-System	CSS	3293	76	3	108.013157895	0.0394736842105
https://github.com/facebook/mention-bot	JavaScript	3266	223	51	72.7264573991	0.466367713004
https://github.com/HospitalRun/hospitalrun-frontend	JavaScript	3260	2467	227	87.0226996352	0.23510336441
https://github.com/beefproject/beef	JavaScript	3222	2921	282	92.4731256419	0.147552208148
https://github.com/openshift/origin	Go	3215	20742	7947	97.4274419053	0.396056310867
https://github.com/defunkt/dotjs	Ruby	3192	113	20	45.185840708	0.185840707965
https://github.com/tmux-plugins/tpm	Shell	3188	169	11	43.201183432	0.12426035503
https://github.com/NervanaSystems/neon	Python	3165	1022	88	96.8816046967	0.115459882583
https://github.com/apache/couchdb	Erlang	3161	10780	589	156.562523191	0.0482374768089
https://github.com/aspnetboilerplate/aspnetboilerplate	C#	3139	3420	368	48.6178362573	0.358771929825
https://github.com/orientechnologies/orientdb	Java	3126	15065	1798	65.7261865251	0.203783604381
https://github.com/aws/chalice	Python	3119	787	205	131.087674714	0.142312579416
https://github.com/twitter-archive/flockdb	Scala	3115	740	92	38.0418918919	0.0148648648649
https://github.com/freebsd/freebsd	C	3092	244119	2757	196.883450284	0.0036047992987
https://github.com/johnmyleswhite/ML_for_Hackers	R	3088	88	13	49.4204545455	0.0681818181818
https://github.com/mozbrick/brick	JavaScript	3083	683	93	63.0600292826	0.0834553440703
https://github.com/btford/write-good	JavaScript	3071	110	22	65.6090909091	0.254545454545
https://github.com/padrino/padrino-framework	Ruby	3057	5471	930	65.3891427527	0.197221714495
https://github.com/wellcaffeinated/PhysicsJS	JavaScript	3026	526	35	37.674904943	0.0893536121673
https://github.com/jipegit/OSXAuditor	JavaScript	2938	74	18	92.2297297297	0.243243243243
https://github.com/CellularPrivacy/Android-IMSI-Catcher-Detector	Java	2885	2502	385	77.9536370903	0.186650679456
https://github.com/Zulko/moviepy	Python	2872	606	158	106.669966997	0.321782178218
https://github.com/BloombergMedia/whatiscode	JavaScript	2869	678	154	51.3112094395	0.135693215339
https://github.com/playcanvas/engine	JavaScript	2852	6666	1921	59.7233723372	0.133513351335
https://github.com/Frege/frege	Frege	2842	2962	160	66.9135719109	0.0702228224173
https://github.com/google/roboto	Python	2837	502	68	108.420318725	0.147410358566
https://github.com/brigade/scss-lint	Ruby	2827	1175	18	290.82212766	0.131914893617
https://github.com/basho/riak	Shell	2810	2902	647	79.7398345968	0.120606478291
https://github.com/chocolatey/chocolatey	PowerShell	2809	820	109	99.2682926829	0.0707317073171
https://github.com/github/gemoji	Ruby	2806	358	57	76.4273743017	0.150837988827
https://github.com/semantic-release/semantic-release	JavaScript	2794	219	51	83.2328767123	0.260273972603
https://github.com/cuckoosandbox/cuckoo	JavaScript	2792	7308	665	72.5400930487	0.0790914066776
https://github.com/play/play	Ruby	2746	716	88	43.4636871508	0.127094972067
https://github.com/jankotek/mapdb	Java	2739	2057	83	48.8147788041	0.183276616432
https://github.com/turbulenz/turbulenz_engine	TypeScript	2737	1737	174	70.9366724237	0.0316637881405
https://github.com/lelylan/betterspecs	HTML	2720	39	12	59.5128205128	0.410256410256
https://github.com/peek/peek	Ruby	2715	303	53	48.396039604	0.178217821782
https://github.com/sstephenson/sprockets		2697	1085	105	42.467281106	0.0801843317972
https://github.com/lambci/lambci	JavaScript	2690	156	5	43.3782051282	0.0897435897436
https://github.com/OptiKey/OptiKey	C#	2686	2084	196	57.2759117083	0.0571017274472
https://github.com/octokit/octokit.rb	Ruby	2683	2331	500	65.5302445302	0.199485199485
https://github.com/shakiba/planck.js	JavaScript	2669	99	4	21.3939393939	0.030303030303
https://github.com/GarageGames/Torque3D	C++	2644	2934	1096	97.345603272	0.373551465576
https://github.com/hoodiehq/hoodie	JavaScript	2627	1369	106	98.523009496	0.145361577794
https://github.com/ValveSoftware/openvr	C++	2625	47	0	1154.82978723	0.063829787234
https://github.com/Boris-Em/BEMSimpleLineGraph	Objective-C	2621	317	55	118.52681388	0.242902208202
https://github.com/hackmdio/hackmd	JavaScript	2620	1302	141	57.6728110599	0.0952380952381
https://github.com/jopohl/urh	Python	2557	2192	102	34.0164233577	0.0834854014599
https://github.com/PMSI-AlignAlytics/dimple	JavaScript	2541	251	28	45.2709163347	0.127490039841
https://github.com/cloudius-systems/osv	C	2516	7465	216	324.490689886	0.0557267247153
https://github.com/eddiezane/lunchy	Ruby	2498	93	29	69.7849462366	0.354838709677
https://github.com/sindresorhus/refined-github	JavaScript	2461	460	34	81.9152173913	0.636956521739
https://github.com/somerandomdude/Iconic	Python	2458	57	5	65.0175438596	0.0701754385965
https://github.com/ponylang/ponyc	C++	2449	4424	704	90.7610759494	0.244575045208
https://github.com/CreateJS/SoundJS	JavaScript	2430	571	24	70.7180385289	0.0297723292469
https://github.com/googlevr/gvr-android-sdk	C++	2429	47	2	29.2127659574	0.0
https://github.com/craftyjs/Crafty	JavaScript	2425	2108	661	93.1579696395	0.293643263757
https://github.com/rust-lang/cargo	Rust	2419	4617	1687	199.279185618	0.482131254061
https://github.com/samizdatco/arbor	JavaScript	2417	12	0	43.6666666667	0.0
https://github.com/AnalyticalGraphicsInc/cesium	JavaScript	2390	24416	7338	63.6893430537	0.139867300131
https://github.com/PyCQA/pycodestyle	Python	2375	1025	143	73.6409756098	0.309268292683
https://github.com/cameronmcefee/plax	JavaScript	2326	138	30	65.2391304348	0.217391304348
https://github.com/openstack/openstack		2298	128672	6	422.437313479	0.23475969908
https://github.com/jakubroztocil/cloudtunes	CoffeeScript	2284	72	15	67.9027777778	0.277777777778
https://github.com/mudcube/MIDI.js	JavaScript	2271	250	32	47.884	0.124
https://github.com/OctoLinker/browser-extension	JavaScript	2270	558	22	132.917562724	0.379928315412
https://github.com/red/red	Red	2255	8784	1184	73.7535291439	0.249316939891
https://github.com/samaaron/sonic-pi	Ruby	2249	6727	764	96.2550914226	0.129032258065
https://github.com/aol/moloch	JavaScript	2242	1541	66	101.341336794	0.169370538611
https://github.com/cocos2d/cocos2d-html5	JavaScript	2234	8646	3851	76.9914411288	0.637173259311
https://github.com/checkstyle/checkstyle	Java	2214	7089	19	77.5016222316	0.452391028354
https://github.com/google/grr	Python	2213	896	179	104.774553571	0.113839285714
https://github.com/h2oai/h2o-2	Java	2210	16171	3883	69.6167212912	0.00179333374559
https://github.com/claudiajs/claudia	JavaScript	2197	666	33	33.5405405405	0.0345345345345
https://github.com/quicksilver/Quicksilver	Objective-C	2190	4094	743	92.2371763556	0.237420615535
https://github.com/gameplay3d/GamePlay	C++	2175	4602	2286	107.331160365	0.371577574967
https://github.com/StackStorm/st2	Python	2161	13097	3249	84.3434374284	0.198595098114
https://github.com/Netflix/Scumblr	Ruby	2155	446	88	45.5448430493	0.105381165919
https://github.com/klange/toaruos	C	2142	2824	56	52.9157223796	0.00814447592068
https://github.com/csscomb/csscomb.js	JavaScript	2137	620	98	50.5096774194	0.222580645161
https://github.com/Gamua/Starling-Framework	ActionScript	2123	2005	159	89.4438902743	0.266832917706
https://github.com/apache/groovy	Java	2123	14075	726	142.859609236	0.070053285968
https://github.com/MovingBlocks/Terasology	Java	2088	7595	1449	92.2542462146	0.153258722844
https://github.com/Glimpse/Glimpse	C#	2059	2591	252	71.9783867233	0.18332690081
https://github.com/racket/racket	Racket	2049	38144	334	83.2585727768	0.00705222315436
https://github.com/twostraws/HackingWithSwift	Swift	2039	23	2	55.652173913	0.0434782608696
https://github.com/adobe-fonts/source-sans-pro	Shell	2023	240	27	79.6333333333	0.133333333333
https://github.com/HaxeFoundation/haxe	Haxe	1996	15259	615	56.2019136247	0.220918802018
https://github.com/cowbell/sharedrop	JavaScript	1987	323	29	39.1857585139	0.030959752322
https://github.com/idris-lang/Idris-dev	Haskell	1986	8763	2226	92.2660047929	0.262353075431
https://github.com/MinecraftForge/MinecraftForge	Java	1981	5940	656	103.072727273	0.255387205387
https://github.com/bro/bro	Bro	1976	7382	1781	142.153345977	0.0573015442969
https://github.com/nulang/nu	Objective-C	1966	833	111	162.163265306	0.0204081632653
https://github.com/mysql/mysql-server	C++	1964	122278	53451	174.571034855	0.293724136803
https://github.com/okfn/recline	JavaScript	1949	1411	254	89.2097802977	0.408221119773
https://github.com/golang/lint	Go	1948	145	0	106.489655172	0.331034482759
https://github.com/googlevr/gvr-unity-sdk	C#	1941	38	1	27.4210526316	0.0
https://github.com/tomahawk-player/tomahawk	C++	1929	11352	616	53.5954897815	0.0241367159972
https://github.com/cuberite/cuberite	C++	1926	10320	1679	98.5174418605	0.203875968992
https://github.com/wooorm/alex	JavaScript	1922	147	0	52.8707482993	0.0
https://github.com/melonjs/melonJS	CSS	1910	4342	393	89.5373099954	0.324044219254
https://github.com/gernest/utron	Go	1907	167	40	53.0538922156	0.25748502994
https://github.com/oclint/oclint	C++	1904	1027	174	58.7185978578	0.11100292113
https://github.com/gkz/LiveScript	LiveScript	1900	4226	298	52.8076194983	0.139611926171
https://github.com/jorgebastida/gordon	Python	1890	431	51	38.2969837587	0.0835266821346
https://github.com/hummingbird-me/hummingbird	HTML	1859	7006	678	44.9032258065	0.0725092777619
https://github.com/danger/danger	Ruby	1857	1804	541	61.4223946785	0.289911308204
https://github.com/kraih/mojo	Perl	1856	11038	149	36.7934408407	0.0280847979706
https://github.com/rubygems/rubygems	Ruby	1834	7253	606	148.184889011	0.207224596719
https://github.com/urho3d/Urho3D	C++	1833	8868	495	206.870207488	0.110396932792
https://github.com/Bukkit/Bukkit	Java	1827	1509	19	91.705102717	0.00397614314115
https://github.com/BearishSun/BansheeEngine	C++	1814	3740	73	76.6010695187	0.00935828877005
https://github.com/jch/html-pipeline	Ruby	1810	818	146	74.0403422983	0.19315403423
https://github.com/libgit2/rugged	C	1792	2384	412	62.2558724832	0.166946308725
https://github.com/thestonefox/VRTK	C#	1784	1680	487	295.273214286	0.294047619048
https://github.com/stevedekorte/io	C	1771	2489	514	64.4748895139	0.050220972278
https://github.com/angr/angr	Python	1767	7695	1457	65.7723196881	0.0218323586745
https://github.com/ossec/ossec-hids	C	1761	4716	900	84.2828668363	0.142493638677
https://github.com/optimizely/nuclear-js	JavaScript	1756	478	106	64.5041841004	0.221757322176
https://github.com/kemalcr/kemal	Crystal	1756	571	78	50.8143607706	0.238178633975
https://github.com/mhagger/git-imerge	Python	1746	474	53	115.052742616	0.0696202531646
https://github.com/muan/mojibar	JavaScript	1733	184	32	53.4945652174	0.135869565217
https://github.com/LibreVR/Revive	C++	1724	786	9	59.2888040712	0.00763358778626
https://github.com/ravendb/ravendb	C#	1715	34718	6810	111.391439599	0.0546978512587
https://github.com/ninjaframework/ninja	Java	1714	1943	427	61.1641791045	0.135357694287
https://github.com/alm-tools/alm	TypeScript	1711	2799	1	35.6480886031	0.0282243658449
https://github.com/ReturnInfinity/BareMetal-OS-legacy	Assembly	1696	383	38	44.8459530026	0.130548302872
https://github.com/emojione/emojify.js	JavaScript	1681	306	78	57.2647058824	0.143790849673
https://github.com/musescore/MuseScore	C++	1663	12333	2681	74.2892240331	0.447336414498
https://github.com/AtomicGameEngine/AtomicGameEngine	C++	1652	3336	734	76.1810551559	0.221522781775
https://github.com/smcllns/css-social-buttons	CSS	1650	176	25	46.0	0.170454545455
https://github.com/overviewer/Minecraft-Overviewer	Python	1650	2389	411	76.9656760151	0.123901213897
https://github.com/Kozea/pygal	Python	1649	976	105	49.5133196721	0.15368852459
https://github.com/facebook/Surround360	C++	1647	212	4	406.169811321	0.0471698113208
https://github.com/mixu/singlepageappbook	HTML	1646	56	14	60.0178571429	0.25
https://github.com/dlang/dmd	D	1644	17198	6164	87.9410978021	0.363763228282
https://github.com/arc90/git-sweep	Python	1626	18	3	49.6666666667	0.166666666667
https://github.com/a11yproject/a11yproject.com	HTML	1611	799	260	75.2177722153	0.33041301627
https://github.com/octobox/octobox	Ruby	1606	850	202	58.8823529412	0.276470588235
https://github.com/nanoc/nanoc	Ruby	1570	5639	865	66.5073594609	0.1138499734
https://github.com/muan/emoji	JavaScript	1568	492	119	48.0548780488	0.186991869919
https://github.com/HumbleSoftware/envisionjs	JavaScript	1565	569	14	35.9736379613	0.00702987697715
https://github.com/Netflix/vizceral	JavaScript	1556	347	51	63.4956772334	0.118155619597
https://github.com/borismus/webvr-boilerplate	JavaScript	1553	418	50	33.6052631579	0.0885167464115
https://github.com/caolan/jam	JavaScript	1538	288	27	52.2847222222	0.152777777778
https://github.com/Subash/Prepros	JavaScript	1528	807	30	30.053283767	0.173482032218
https://github.com/zdevito/terra	C++	1515	1066	71	84.6200750469	0.0515947467167
https://github.com/shogun-toolbox/shogun	C++	1513	16064	2442	65.1188371514	0.138321713147
https://github.com/houndci/hound	Ruby	1500	1106	15	185.898734177	0.0795660036166
https://github.com/kartograph/kartograph.js	CoffeeScript	1498	240	8	42.5791666667	0.0375
https://github.com/gpmgo/gopm	Go	1492	417	47	28.9232613909	0.0863309352518
https://github.com/yaniswang/HTMLHint	JavaScript	1491	203	27	44.7487684729	0.172413793103
https://github.com/flowplayer/flowplayer	JavaScript	1487	1434	179	66.4358437936	0.461645746165
https://github.com/jMonkeyEngine/jmonkeyengine	Java	1475	6295	339	157.742494043	0.0490865766481
https://github.com/SirCmpwn/TrueCraft	C#	1463	814	116	64.843980344	0.164619164619
https://github.com/web2py/web2py	Python	1443	7327	1182	54.7765797734	0.148901323871
https://github.com/pre-commit/pre-commit	Python	1424	906	286	57.9381898455	0.378587196468
https://github.com/googlevr/vrview	JavaScript	1404	325	65	39.8	0.12
https://github.com/ocaml/ocaml	OCaml	1403	15198	615	143.180089485	0.199499934202
https://github.com/zedapp/zed	JavaScript	1401	1200	209	64.37	0.2425
https://github.com/coala/coala	Python	1397	3970	18	120.416624685	0.0143576826196
https://github.com/livereload/LiveReload	Objective-C	1390	1714	24	74.028588098	0.0315052508751
https://github.com/typelead/eta	Haskell	1390	1412	37	40.0601983003	0.0757790368272
https://github.com/mozilla/MozDef	JavaScript	1389	1838	247	64.1942328618	0.156147986942
https://github.com/larsenwork/Gidole	Shell	1386	184	2	30.8641304348	0.0163043478261
https://github.com/jasonlong/isometric-contributions	CSS	1384	158	30	43.9367088608	0.189873417722
https://github.com/volojs/volo	JavaScript	1382	363	19	64.1542699725	0.292011019284
https://github.com/GoogleChrome/accessibility-developer-tools	JavaScript	1372	606	150	76.0874587459	0.277227722772
https://github.com/reactjs/react-a11y	JavaScript	1355	117	36	79.3076923077	0.444444444444
https://github.com/astropy/astropy	Python	1347	19816	3525	77.7681166734	0.224717400081
https://github.com/Yelp/osxcollector	Python	1343	307	84	69.2280130293	0.257328990228
https://github.com/goadapp/goad	Go	1330	377	60	57.0530503979	0.124668435013
https://github.com/flexiblegs/flexiblegs-scss-plus	CSS	1308	142	4	10.014084507	0.0140845070423
https://github.com/github-archive/developer.github.com	Ruby	1305	6562	1656	54.5455653764	0.206034745504
https://github.com/oreillymedia/open_government		1296	25	6	44.64	0.16
https://github.com/mikeizbicki/HLearn	Haskell	1278	743	68	50.3930013459	0.0376850605653
https://github.com/Hextris/hextris	JavaScript	1269	920	207	39.3282608696	0.00869565217391
https://github.com/GarageGames/Torque2D	C++	1267	877	224	109.29304447	0.202964652223
https://github.com/mentum/lambdaws	JavaScript	1258	207	46	36.3961352657	0.188405797101
https://github.com/dart-lang/sdk	Dart	1248	49297	104	270.674787512	0.0356613992738
https://github.com/beyondgrep/ack2	Perl	1242	1869	119	47.4403424291	0.0711610486891
https://github.com/openaddresses/openaddresses	JavaScript	1241	6686	1908	51.1416392462	0.294645527969
https://github.com/spring/spring	C++	1221	25723	1067	140.187342067	0.0814057458306
https://github.com/apache/mahout	Java	1218	3898	45	166.39687019	0.0667008722422
https://github.com/PocketMine/PocketMine-MP	PHP	1214	4717	316	39.8736485054	0.123383506466
https://github.com/superpowers/superpowers-core	TypeScript	1211	1191	24	57.3266162888	0.0377833753149
https://github.com/streamio/streamio-ffmpeg	Ruby	1208	347	28	59.0576368876	0.123919308357
https://github.com/threatstream/mhn	Shell	1207	806	173	50.0024813896	0.145161290323
https://github.com/adobe-fonts/source-serif-pro	Shell	1197	65	2	36.2153846154	0.0307692307692
https://github.com/codahale/bcrypt-ruby	C	1185	189	27	110.767195767	0.185185185185
https://github.com/HoTT/book	TeX	1182	3493	862	49.7200114515	0.179788147724
https://github.com/walterhiggins/ScriptCraft	JavaScript	1162	838	92	53.7744630072	0.18138424821
https://github.com/WhiteHouse/petitions	JavaScript	1161	929	24	205.227125942	0.016146393972
https://github.com/nprapps/app-template	JavaScript	1151	873	78	40.4753722795	0.302405498282
https://github.com/shakiba/stage.js	JavaScript	1133	551	10	18.502722323	0.005444646098
https://github.com/addyosmani/a11y	JavaScript	1118	160	16	43.7	0.15625
https://github.com/SeldonIO/seldon-server	Java	1112	1444	186	35.6987534626	0.000692520775623
https://github.com/stephenhutchings/typicons.font	HTML	1099	55	4	27.4181818182	0.0727272727273
https://github.com/Microsoft/visualfsharp	F#	1099	4141	942	138.319005071	0.32407631007
https://github.com/ellisonleao/clumsy-bird	JavaScript	1095	251	38	36.6812749004	0.183266932271
https://github.com/metabrainz/picard	Python	1089	4896	773	80.4144199346	0.137050653595
https://github.com/GooTechnologies/goojs	JavaScript	1076	6381	749	51.9471869613	0.202476100925
https://github.com/dojo/dojo	JavaScript	1054	3900	3	198.001794872	0.984102564103
https://github.com/gamelinux/passivedns	C	1051	267	37	58.8464419476	0.0749063670412
https://github.com/eholk/harlan	Scheme	1047	1132	65	63.8754416961	0.114840989399
https://github.com/pa11y/pa11y	JavaScript	1044	277	34	60.3682310469	0.281588447653
https://github.com/Microsoft/microsoft.github.io	HTML	1028	197	68	60.5685279188	0.365482233503
https://github.com/GSA/data.gov	JavaScript	1010	1523	147	40.2015758372	0.0315167432699
https://github.com/simbody/simbody	C++	1007	4654	356	100.335840138	0.0790717662226
https://github.com/wet-boew/wet-boew	HTML	1004	4686	2050	96.3740930431	0.537558685446
https://github.com/atom/apm	CoffeeScript	992	1812	180	45.658388521	0.146799116998
https://github.com/sleuthkit/sleuthkit	C	983	4866	1394	64.3072338677	0.128031237156
https://github.com/sk89q/WorldEdit	Java	983	2426	85	67.1356141797	0.0317394888706
https://github.com/Keyamoon/IcoMoon-Free	HTML	976	29	0	38.0689655172	0.0
https://github.com/seriesseed/equity		975	13	1	38.4615384615	0.153846153846
https://github.com/parkerbennett/stackicons	CSS	972	12	1	31.4166666667	0.0833333333333
https://github.com/FascinatedBox/lily	C	972	2487	17	263.887414556	0.125452352232
https://github.com/iamcal/php-emoji	PHP	961	125	9	66.152	0.04
https://github.com/andreasgal/B2G	Shell	949	808	155	47.4381188119	0.105198019802
https://github.com/mozilla/mig	Go	929	1699	231	78.1141848146	0.150088287228
https://github.com/charliesome/jsos	C	927	392	0	31.3367346939	0.0
https://github.com/Justineo/github-hovercard	JavaScript	924	218	9	27.3623853211	0.119266055046
https://github.com/KnightOS/KnightOS	Assembly	923	826	78	39.4055690073	0.0593220338983
https://github.com/spmjs/spm	JavaScript	915	1342	140	30.9128166915	0.142324888227
https://github.com/nikolaypavlov/MLPNeuralNet	Objective-C	913	141	18	34.1134751773	0.0709219858156
https://github.com/gamelab/kiwi.js	JavaScript	911	885	162	101.644067797	0.120903954802
https://github.com/pybuilder/pybuilder	Python	904	1095	169	71.1287671233	0.294063926941
https://github.com/usds/playbook	CSS	899	254	50	48.9173228346	0.204724409449
https://github.com/ncase/polygons	JavaScript	896	108	6	25.75	0.0555555555556
https://github.com/twitter/innovators-patent-agreement		896	12	3	50.5	0.25
https://github.com/datumbox/datumbox-framework	Java	892	575	3	54.8139130435	0.0
https://github.com/pengwynn/flint	Go	891	106	20	50.6132075472	0.216981132075
https://github.com/gnuradio/gnuradio	C++	889	11174	2440	100.965992483	0.0138714873814
https://github.com/medialize/ally.js	JavaScript	887	1294	37	62.4899536321	0.103554868624
https://github.com/mrowa44/emojify	Shell	885	40	7	59.075	0.175
https://github.com/Komodo/KomodoEdit	Python	882	14235	44	234.70403934	0.0550052687039
https://github.com/csete/gqrx	C++	876	1523	125	60.2173342088	0.165462902167
https://github.com/rakudo/rakudo	Perl 6	864	26754	1545	102.613366226	0.0758391268595
https://github.com/CarlosGS/Cyclone-PCB-Factory	Python	862	492	48	44.0711382114	0.0325203252033
https://github.com/NREL/api-umbrella	Ruby	860	3377	195	142.140361267	0.0251702694699
https://github.com/swannodette/logic-tutorial	Clojure	858	71	15	38.0845070423	0.197183098592
https://github.com/thenewstack/docker-and-containers-ebooks		856	7	0	18.5714285714	0.0
https://github.com/panda3d/panda3d	C++	854	21418	176	37.4473340181	0.00345503781866
https://github.com/ruslo/hunter	CMake	847	3262	554	46.8280196199	0.117106069896
https://github.com/clutchski/coffeelint	CoffeeScript	842	918	179	66.8039215686	0.262527233115
https://github.com/scottdejonge/map-icons	HTML	838	89	9	36.0112359551	0.134831460674
https://github.com/etsy/MIDAS		829	36	7	61.75	0.222222222222
https://github.com/thomaswilburn/Caret	JavaScript	826	855	77	58.6409356725	0.250292397661
https://github.com/gillesdemey/Cumulus	JavaScript	826	228	21	42.1315789474	0.0964912280702
https://github.com/nasa/mct	Java	821	977	199	108.561924258	0.187308085977
https://github.com/pfefferle/openwebicons	HTML	814	119	2	29.6638655462	0.0336134453782
https://github.com/typelift/SwiftCheck	Swift	811	830	189	44.1228915663	0.173493975904
https://github.com/greenkeeperio/greenkeeper	JavaScript	810	76	0	62.6315789474	0.0657894736842
https://github.com/voxmedia/meme	JavaScript	807	89	8	39.3595505618	0.0674157303371
https://github.com/freshshell/fresh	Ruby	806	423	33	58.0141843972	0.205673758865
https://github.com/mislav/rfc	JavaScript	801	76	1	31.9736842105	0.0263157894737
https://github.com/theleagueof/league-gothic	CSS	801	34	3	40.2058823529	0.0588235294118
https://github.com/gjtorikian/html-proofer	Ruby	797	1139	233	45.8691834943	0.176470588235
https://github.com/APIs-guru/openapi-directory	JavaScript	790	1245	16	34.6634538153	0.0763052208835
https://github.com/unitedstates/congress-legislators	Python	786	1473	299	88.4032586558	0.193482688391
https://github.com/lettuce-io/lettuce-core	Java	785	1229	51	108.183075671	0.476810414972
https://github.com/twitter/twitter.github.com	HTML	784	52	10	43.0384615385	0.230769230769
https://github.com/MfgLabs/mfglabs-iconset	CSS	781	34	3	20.9117647059	0.117647058824
https://github.com/muan/github-gmail	JavaScript	780	181	18	39.044198895	0.127071823204
https://github.com/amber-smalltalk/amber		780	4306	840	66.5796562935	0.168834184858
https://github.com/renpy/renpy	Ren'Py	772	6787	412	77.1837336084	0.100338883159
https://github.com/AdamsLair/duality	C#	769	2458	180	145.038649308	0.026444263629
https://github.com/brianpeiris/RiftSketch	JavaScript	766	159	15	42.9748427673	0.125786163522
https://github.com/pakyow/pakyow	Ruby	752	1362	121	74.8869309838	0.06093979442
https://github.com/brianmario/charlock_holmes	Ruby	720	208	25	54.4326923077	0.134615384615
https://github.com/msmhq/msm	Shell	719	586	52	70.8088737201	0.163822525597
https://github.com/notwaldorf/emoji-translate	JavaScript	707	73	5	22.2602739726	0.041095890411
https://github.com/project-open-data/project-open-data.github.io	HTML	703	908	255	69.6806167401	0.312775330396
https://github.com/dfm/emcee	Python	702	543	77	48.1418047882	0.0902394106814
https://github.com/pybee/batavia	JavaScript	697	1771	449	77.1479390175	0.253529079616
https://github.com/NuGet/Home	PowerShell	678	96	8	41.59375	0.09375
https://github.com/jubatus/jubatus	C++	656	3337	809	53.4605933473	0.261911896913
https://github.com/frappe/frappe	Python	653	13442	3508	56.0764023211	0.213584288052
https://github.com/bhollis/jsonview	JavaScript	653	190	22	60.0947368421	0.221052631579
https://github.com/jxnblk/colorable	HTML	652	135	4	17.7333333333	0.0296296296296
https://github.com/muan/emojilib	JavaScript	650	858	220	48.5606060606	0.184149184149
https://github.com/divegeek/uscode	Python	643	70	1	31.8	0.0142857142857
https://github.com/rodjek/puppet-lint	Ruby	634	1059	220	76.0	0.308781869688
https://github.com/leereilly/swot	Ruby	633	1609	565	51.7383467993	0.348663766314
https://github.com/spotify/apps-tutorial		633	166	2	32.3855421687	0.0120481927711
https://github.com/thieman/github-selfies	JavaScript	633	138	20	55.0942028986	0.188405797101
https://github.com/Netflix/hubcommander	Python	621	106	35	61.5471698113	0.339622641509
https://github.com/Q42/0hh1	JavaScript	618	23	6	94.2608695652	0.173913043478
https://github.com/cloud66/habitus	Go	617	223	39	39.201793722	0.130044843049
https://github.com/matreshkajs/matreshka	JavaScript	614	1144	65	33.875	0.0227272727273
https://github.com/hawksley/eleVR-Web-Player	JavaScript	608	177	35	42.5028248588	0.0960451977401
https://github.com/TomorrowTodayLabs/NewtonVR	C#	607	175	21	111.291428571	0.0457142857143
https://github.com/factor/factor	Factor	591	30067	4771	55.2256626867	0.0153324242525
https://github.com/kpreid/shinysdr	Python	581	1488	2	103.692204301	0.000672043010753
https://github.com/methusalah/OpenRTS	Java	572	464	37	81.3211206897	0.0689655172414
https://github.com/cashmusic/platform	PHP	571	4876	842	53.6255127153	0.155455291222
https://github.com/ushahidi/SMSSync	Java	567	1816	166	56.1255506608	0.128854625551
https://github.com/stamen/modestmaps-js	JavaScript	566	438	41	86.2374429224	0.0821917808219
https://github.com/essentials/Essentials	Java	564	4328	573	71.8646025878	0.0804066543438
https://github.com/SpigotMC/BungeeCord	Java	558	1453	24	62.9745354439	0.200275292498
https://github.com/MightyPirates/OpenComputers	Scala	547	4783	1130	120.451390341	0.164750156805
https://github.com/carlosgaldino/alfred-emoji-workflow	Ruby	542	70	15	53.9142857143	0.2
https://github.com/cjcliffe/CubicSDR	C++	542	1403	210	58.9586600143	0.129009265859
https://github.com/ocaml/opam	OCaml	538	6050	1330	91.560661157	0.28
https://github.com/propublica/guides	HTML	538	158	20	29.8987341772	0.0632911392405
https://github.com/mroth/emojitracker		537	443	11	49.4762979684	0.0541760722348
https://github.com/theleagueof/raleway		537	3	1	60.6666666667	0.333333333333
https://github.com/4ian/GD	C++	532	3139	297	104.724753106	0.0614845492195
https://github.com/republique-et-canton-de-geneve/chvote-1-0	Java	528	53	11	46.2641509434	0.188679245283
https://github.com/PrismarineJS/mineflayer	JavaScript	528	1531	178	53.0653167864	0.133246244285
https://github.com/ekelokorpi/panda-engine	JavaScript	527	808	39	37.3440594059	0.039603960396
https://github.com/miek/inspectrum	C++	522	439	30	50.555808656	0.0979498861048
https://github.com/kamranahmedse/githunt	HTML	510	45	8	56.1333333333	0.111111111111
https://github.com/adobe/adobe.github.com	CSS	509	250	25	46.52	0.1
https://github.com/Vazkii/Botania	Java	508	5350	546	52.2856074766	0.179252336449
https://github.com/qiciengine/qiciengine		499	33	1	24.3636363636	0.030303030303
https://github.com/Artificial-Engineering/lycheejs	JavaScript	495	127	2	31.7874015748	0.0
https://github.com/OpenExoplanetCatalogue/open_exoplanet_catalogue	Python	493	3576	595	68.7046979866	0.154642058166
https://github.com/brunopulis/awesome-a11y		492	199	51	44.0904522613	0.241206030151
https://github.com/chapel-lang/chapel	Chapel	490	47227	7369	338.414889788	0.137527261948
https://github.com/drewrwilson/toolsforactivism		488	51	7	24.9607843137	0.176470588235
https://github.com/sindresorhus/notifier-for-github-chrome	JavaScript	487	111	10	69.6756756757	0.396396396396
https://github.com/travis-ci/travis-web	JavaScript	479	4962	524	81.3686013704	0.172712615881
https://github.com/twitter/twitter-kit-android	Java	475	471	0	142.944798301	0.00212314225053
https://github.com/Genshin/PhantomOpenEmoji	Ruby	465	5	0	602.6	0.0
https://github.com/MitocGroup/deep-framework	HTML	465	2240	551	49.1165178571	0.250892857143
https://github.com/rapidpro/rapidpro	JavaScript	462	8180	2630	52.5465770171	0.186430317848
https://github.com/ndmitchell/hlint	Haskell	453	2589	86	45.8103514871	0.169563538046
https://github.com/ffoodd/a11y.css	CSS	451	612	42	58.6503267974	0.504901960784
https://github.com/dib-lab/khmer	Python	445	6388	1433	57.0500939261	0.110206637445
https://github.com/electron/electron.atom.io	HTML	443	3098	700	37.8027759845	0.196578437702
https://github.com/catalyzeio/policies	JavaScript	440	185	16	46.1675675676	0.0864864864865
https://github.com/github/government.github.com	HTML	439	1906	629	51.4422875131	0.266002098636
https://github.com/jgaeddert/liquid-dsp	C	434	6070	416	65.8398682043	0.00378912685338
https://github.com/cms-sw/cmssw	C++	434	181774	16563	69.4066753221	0.0668027330641
https://github.com/rishabhp/pappu-pakia	JavaScript	433	251	22	31.1992031873	0.0119521912351
https://github.com/Netflix/netflix.github.com	HTML	422	391	98	41.7007672634	0.225063938619
https://github.com/alphagov/whitehall	Ruby	411	19375	3652	153.99556129	0.16304516129
https://github.com/wpeterson/emoji	Ruby	409	96	17	73.375	0.166666666667
https://github.com/AlienVault-Labs/AlienVaultLabs	Python	401	57	2	33.8596491228	0.0350877192982
https://github.com/uscensusbureau/citysdk	JavaScript	399	216	37	50.9722222222	0.143518518519
https://github.com/danielsdeleo/Decider	Ruby	393	197	1	50.730964467	0.0
https://github.com/RefugeRestrooms/refugerestrooms	JavaScript	389	806	181	77.0148883375	0.141439205955
https://github.com/ushahidi/platform	PHP	388	2987	353	142.891864747	0.0900569132909
https://github.com/codeforamerica/adopt-a-hydrant	Ruby	384	1713	12	38.9906596614	0.0134267367192
https://github.com/theleagueof/ostrich-sans	CSS	384	13	0	46.4615384615	0.0
https://github.com/notwaldorf/github-canned-responses	JavaScript	381	66	9	47.7424242424	0.121212121212
https://github.com/mcMMO-Dev/mcMMO	Java	379	4748	302	59.5341196293	0.124894692502
https://github.com/echonest/remix.js	JavaScript	368	40	3	38.675	0.075
https://github.com/Unity-Technologies/EditorVR	C#	366	3212	643	64.5046699875	0.0345579078456
https://github.com/theleagueof/junction		361	10	0	35.9	0.0
https://github.com/serverless/scope	JavaScript	359	109	7	25.5321100917	0.0733944954128
https://github.com/GlowstoneMC/Glowstone	Java	357	2538	213	74.0200945626	0.130811662727
https://github.com/Circular-Studios/Dash	D	354	1371	277	58.5667396061	0.0867979576951
https://github.com/IBM/ibm.github.io	HTML	347	150	48	57.5733333333	0.32
https://github.com/ngageoint/geoq	JavaScript	340	1294	264	53.2024729521	0.135239567233
https://github.com/Samsung/GearVRf	C++	339	1996	656	153.864228457	0.304609218437
https://github.com/klepas/open-baskerville	Ruby	339	84	4	178.869047619	0.0714285714286
https://github.com/junegunn/vim-emoji	VimL	338	33	1	40.8181818182	0.181818181818
https://github.com/ashtuchkin/u2f	JavaScript	325	6	1	82.1666666667	0.333333333333
https://github.com/RangeNetworks/openbts	C++	318	415	4	268.802409639	0.0746987951807
https://github.com/soundcloud/areweplayingyet	JavaScript	315	438	64	37.1050228311	0.0205479452055
https://github.com/eclipse/golo-lang	Java	310	470	118	123.895744681	0.293617021277
https://github.com/mtytel/cursynth	C++	309	219	19	36.5205479452	0.013698630137
https://github.com/fontello/brandico.font	HTML	307	56	6	33.9642857143	0.125
https://github.com/jhogue/PE-Analog-Clock-icon-font	HTML	301	18	2	56.9444444444	0.111111111111
https://github.com/micdoodle8/Galacticraft	Java	300	6313	797	54.1747188342	0.211468398543
https://github.com/psas/av3-fc	C	298	371	36	60.1051212938	0.00269541778976
https://github.com/robrix/Madness	Swift	294	520	61	41.525	0.1
https://github.com/zalando/zappr	JavaScript	290	559	146	71.2075134168	0.586762075134
https://github.com/hackdaymanifesto/hackdaymanifesto.github.com	CSS	288	317	116	56.7760252366	0.287066246057
https://github.com/times/cardkit	JavaScript	285	138	22	45.6884057971	0.166666666667
https://github.com/praekelt/vumi	Python	284	7445	1333	54.0247145735	0.0196104768301
https://github.com/canadaduane/house		284	12	1	33.4166666667	0.0833333333333
https://github.com/github/hoosegow	Ruby	282	227	45	51.8766519824	0.167400881057
https://github.com/square/square.github.io	CSS	281	79	25	48.5696202532	0.316455696203
https://github.com/julianguyen/ifme	Ruby	280	1517	237	71.8609096902	0.227422544496
https://github.com/srcclr/commit-watcher	Ruby	278	155	10	44.5419354839	0.0516129032258
https://github.com/whhglyphs/webhostinghub-glyphs		277	19	1	47.6842105263	0.0526315789474
https://github.com/mathiasbynens/emoji-regex	JavaScript	273	54	0	52.9074074074	0.259259259259
https://github.com/crashlytics/digits-android	Java	272	256	1	198.70703125	0.00390625
https://github.com/opengovfoundation/madison	PHP	269	2608	379	81.7649539877	0.187883435583
https://github.com/inaka/elvis	Erlang	269	579	188	72.5146804836	0.837651122625
https://github.com/xlgames-inc/XLE	C++	265	6571	34	179.792269061	0.0528077918125
https://github.com/liip/TheA11yMachine	JavaScript	265	264	13	71.9962121212	0.0340909090909
https://github.com/leo-editor/leo-editor	Python	264	15737	1303	99.8954057317	0.0216051343966
https://github.com/musictheory/rchook	Shell	263	12	0	26.4166666667	0.0
https://github.com/harshjv/github-repo-size	JavaScript	260	39	0	41.2564102564	0.153846153846
https://github.com/hotosm/osm-tasking-manager2	JavaScript	252	1294	337	53.6066460587	0.284389489954
https://github.com/accesslint/accesslint.js	JavaScript	251	56	1	79.6964285714	0.0178571428571
https://github.com/dylan-lang/opendylan	Dylan	250	4364	598	172.362969753	0.160632447296
https://github.com/perl-catalyst/catalyst-runtime	Perl	249	4493	170	94.4413532161	0.0193634542622
https://github.com/Esri/esri.github.io	JavaScript	247	257	66	37.4552529183	0.287937743191
https://github.com/ComputationalRadiationPhysics/picongpu	C++	246	4418	1337	104.407650521	0.334540516071
https://github.com/GliaX/Stethoscope	Ruby	244	129	5	50.519379845	0.0542635658915
https://github.com/cla-assistant/cla-assistant	JavaScript	241	741	95	41.9203778677	0.143049932524
https://github.com/theleagueof/chunk		238	3	0	38.3333333333	0.0
https://github.com/ember-cli/ember-twiddle	JavaScript	238	1179	340	55.7565733673	0.252756573367
https://github.com/sindresorhus/notifier-for-github		234	58	2	47.2413793103	0.155172413793
https://github.com/cfpb/qu	Clojure	233	896	268	68.4151785714	0.225446428571
https://github.com/Heydon/REVENGE.CSS	CSS	231	41	6	39.8536585366	0.146341463415
https://github.com/TimeMagazine/babynames	JavaScript	229	40	6	42.075	0.1
https://github.com/leereilly/emoji		226	2585	3	18.4943907157	0.000386847195358
https://github.com/ropensci/rplos	R	226	483	37	47.7908902692	0.130434782609
https://github.com/rdio/rdio-simple	Java	225	94	15	46.585106383	0.159574468085
https://github.com/muan/emoji-minesweeper	JavaScript	224	106	13	42.5283018868	0.0849056603774
https://github.com/artsy/artsy.github.io	CSS	224	785	226	45.6484076433	0.263694267516
https://github.com/pluspeople/pesaPi	PHP	222	70	1	224.842857143	0.0
https://github.com/idiot/Spiffing	PHP	221	25	6	49.24	0.24
https://github.com/sarahsharp/foss-heartbeat	Python	219	172	16	336.970930233	0.127906976744
https://github.com/notwaldorf/emojillate	HTML	218	73	6	36.9315068493	0.0684931506849
https://github.com/jeroenverfallie/ggo13-transcube	JavaScript	216	122	0	22.3524590164	0.00819672131148
https://github.com/censusreporter/censusreporter	HTML	215	1247	121	54.0128307939	0.0529270248597
https://github.com/zeke/ghwd	Shell	214	46	11	67.2173913043	0.260869565217
https://github.com/gosu-lang/gosu-lang	Gosu	212	2379	303	102.563261875	0.0142917192098
https://github.com/sdrdis/hotfix	C#	210	64	8	26.671875	0.046875
https://github.com/hakirisec/hakiri_toolbelt	Ruby	209	135	7	31.637037037	0.0296296296296
https://github.com/Yubico/python-u2flib-server	Python	208	163	13	51.0122699387	0.0981595092025
https://github.com/SWI-Prolog/swipl-devel	C	207	23405	607	56.8684469131	0.0193975646229
https://github.com/hackaye/activism-framework		206	35	10	38.3142857143	0.285714285714
https://github.com/Yubico/php-u2flib-server	PHP	202	193	24	57.4870466321	0.134715025907
https://github.com/github/lightcrawler	JavaScript	200	27	1	21.1111111111	0.037037037037
https://github.com/cyverse/atmosphere	Python	198	6869	1571	97.0164507206	0.0557577522201
https://github.com/zeke/package-json-to-readme	JavaScript	194	67	11	41.8955223881	0.119402985075
https://github.com/prettydiff/a11y-tools		192	35	7	42.3142857143	0.171428571429
https://github.com/GSA/data	HTML	191	113	42	52.9646017699	0.371681415929
https://github.com/documize/community	Go	191	608	77	37.0805921053	0.113486842105
https://github.com/xmikos/qspectrumanalyzer	Python	190	109	11	65.4770642202	0.0825688073394
https://github.com/marmelab/sedy	JavaScript	186	201	45	51.8258706468	0.248756218905
https://github.com/hzoo/contributors-on-github	JavaScript	184	73	5	33.4520547945	0.150684931507
https://github.com/Yubico/libu2f-host	C	184	193	31	57.0518134715	0.243523316062
https://github.com/Chicago/food-inspections-evaluation	HTML	182	236	39	52.7288135593	0.0889830508475
https://github.com/tstranex/u2f	Go	182	32	4	89.46875	0.15625
https://github.com/gklyne/things		179	76	5	37.2763157895	0.0
https://github.com/datadesk/python-elections	Python	177	306	22	55.0196078431	0.202614379085
https://github.com/castle/ruby-u2f	Ruby	173	110	22	52.8181818182	0.236363636364
https://github.com/nysenate/OpenLegislation	Java	171	2839	308	55.7506164142	0.059880239521
https://github.com/cupakromer/emoji-rspec	Ruby	170	63	3	61.9523809524	0.0634920634921
https://github.com/cernopendata/opendata.cern.ch	Python	168	1165	35	129.45751073	0.72017167382
https://github.com/gbatha/PolyBranch	JavaScript	163	41	2	48.4390243902	0.0487804878049
https://github.com/srsLTE/srsUE		163	587	123	45.5724020443	0.0136286201022
https://github.com/GSA/https	Python	157	567	139	55.467372134	0.257495590829
https://github.com/codeafrica/github-africa	Python	155	32	4	33.875	0.0
https://github.com/muan/dashboard	JavaScript	154	36	4	38.8333333333	0.138888888889
https://github.com/18F/open-source-policy		154	172	41	66.1569767442	0.232558139535
https://github.com/nmoroze/swap	JavaScript	152	132	15	31.4090909091	0.00757575757576
https://github.com/JJ/hoborg	Perl	152	352	12	83.6505681818	0.03125
https://github.com/pyupio/pyup	Python	152	339	46	37.6784660767	0.12389380531
https://github.com/muan/megamoji	CSS	150	62	0	26.9516129032	0.0161290322581
https://github.com/Yelp/yelp.github.io	JavaScript	150	95	22	45.9157894737	0.2
https://github.com/Shopify/shopify.github.com	CSS	148	229	44	42.4585152838	0.161572052402
https://github.com/MachineMuse/MachineMusePowersuits	Java	148	1341	111	51.6524981357	0.0797912005966
https://github.com/benbalter/congressional-districts		143	5986	0	31.9926495155	0.0
https://github.com/zzarcon/gh-emoji	JavaScript	138	108	24	45.3981481481	0.157407407407
https://github.com/github/resque	Ruby	136	990	73	49.6090909091	0.0494949494949
https://github.com/lucee/Lucee	Java	135	2186	296	47.1935041171	0.103385178408
https://github.com/antionio/game-off-2013	Java	133	95	1	28.1263157895	0.0105263157895
https://github.com/dequelabs/axe-cli	JavaScript	133	41	5	71.8292682927	0.19512195122
https://github.com/sanemat/do-not-merge-wip-for-github	JavaScript	129	166	39	43.7530120482	0.246987951807
https://github.com/probot/stale	JavaScript	128	113	28	50.185840708	0.221238938053
https://github.com/probot/settings	JavaScript	124	99	20	42.1111111111	0.20202020202
https://github.com/xtoolkit/Micon	CSS	123	40	8	60.9	0.175
https://github.com/SAP/sap.github.com	HTML	123	99	2	50.8484848485	0.030303030303
https://github.com/lastfm/musicbrainz-data	Java	122	88	11	67.9545454545	0.0454545454545
https://github.com/mozzadrella/Informal-Tech-Project		121	8	0	63.125	0.0
https://github.com/nyaruka/smartmin	Python	119	645	152	53.5705426357	0.131782945736
https://github.com/keen/keen-dataviz.js	JavaScript	119	250	40	49.292	0.208
https://github.com/underverk/3D_Printer	C++	119	30	1	31.4333333333	0.0333333333333
https://github.com/ProLoser/Github-Omnibox	JavaScript	119	144	8	38.9305555556	0.0555555555556
https://github.com/gavinwahl/django-u2f	Python	117	79	8	73.3417721519	0.139240506329
https://github.com/ded/emojize	CSS	115	20	1	25.35	0.05
https://github.com/iliterobotics/3D		114	37	0	29.972972973	0.0
https://github.com/wordset/wordset-ui	CSS	114	1533	229	51.5166340509	0.0371819960861
https://github.com/onaio/onadata	Python	111	8695	1700	58.8265669925	0.146751006325
https://github.com/stevefaulkner/HTML5accessibility	HTML	109	343	31	66.0233236152	0.166180758017
https://github.com/CMAA/nova-organi-harmonia		104	14	4	61.8571428571	0.285714285714
https://github.com/18F/accessibility	Ruby	104	389	109	46.7172236504	0.26735218509
https://github.com/icecrime/poule	Go	103	137	35	139.868613139	0.255474452555
https://github.com/regulately/regulately	Python	103	120	31	48.7583333333	0.05
https://github.com/Yubico/java-u2flib-server	Java	99	362	15	47.7955801105	0.0303867403315
https://github.com/avoinministerio/avoinministerio	Ruby	98	1625	401	73.4590769231	0.157538461538
https://github.com/guardian/guardian.github.com	HTML	98	694	56	55.1109510086	0.0475504322767
https://github.com/TwoFactorAuth/ruby	Ruby	96	47	0	47.4042553191	0.063829787234
https://github.com/emberobserver/client	JavaScript	95	519	25	60.1329479769	0.0539499036609
https://github.com/timehome/game-off-2012	JavaScript	94	463	68	40.2786177106	0.00647948164147
https://github.com/thecodejunkie/github.expandinizr	JavaScript	94	128	34	58.4921875	0.2578125
https://github.com/servo/homu	Python	92	290	63	124.237931034	0.358620689655
https://github.com/gilt/code.gilt.com	CSS	90	54	7	49.0555555556	0.111111111111
https://github.com/servo/highfive	Python	89	255	70	71.5764705882	0.345098039216
https://github.com/reprap/huxley	Assembly	89	98	0	45.2959183673	0.0
https://github.com/eweinhoffer/Bike-Accessories		88	2	0	44.5	0.0
https://github.com/mroth/emojistatic	CSS	86	81	2	38.9382716049	0.0123456790123
https://github.com/cfpb/cfpb.github.io	HTML	86	400	127	54.43	0.24
https://github.com/swcarpentry/swcarpentry		83	6	0	16.6666666667	0.0
https://github.com/BetaNYC/Bike-Share-Data-Best-Practices		82	20	4	51.75	0.2
https://github.com/CodeForAfrica/GotToVote	JavaScript	81	80	12	32.8375	0.15
https://github.com/lulea/game-off-2012	CoffeeScript	80	110	7	43.0090909091	0.0181818181818
https://github.com/gnuradio/volk	C++	80	838	134	89.0393794749	0.0322195704057
https://github.com/harvesthq/how-to-walkabout		78	7	0	28.0	0.0
https://github.com/code4lib/antiharassment-policy		75	143	47	63.6013986014	0.342657342657
https://github.com/RothschildGames/release-cycles	CoffeeScript	73	245	44	22.4163265306	0.0122448979592
https://github.com/universalcore/elastic-git	Python	73	517	144	37.0270793037	0.0135396518375
https://github.com/Yatser/prettypullrequests	JavaScript	73	98	19	59.306122449	0.183673469388
https://github.com/ondras/custom-tetris	JavaScript	72	57	1	18.0	0.0
https://github.com/dylanb/a11yfy	JavaScript	71	152	9	44.3947368421	0.0394736842105
https://github.com/brucedog/u2flib	JavaScript	71	121	11	93.173553719	0.0495867768595
https://github.com/BuzzFeedNews/2014-06-bikeshare-gender-maps	Jupyter Notebook	68	48	0	31.8541666667	0.0
https://github.com/thehen/game-off-2012		61	15	2	29.8666666667	0.133333333333
https://github.com/huffpostdata/ap-election-loader	Ruby	60	68	3	36.7352941176	0.0
https://github.com/Yubico/libu2f-server	C	59	134	10	43.4104477612	0.119402985075
https://github.com/angular/protractor-accessibility-plugin	JavaScript	58	15	5	58.2666666667	0.266666666667
https://github.com/frontlinesms/frontlinesms2	Groovy	57	8971	2337	63.0673280571	0.000668821759001
https://github.com/eyedol/kasahorow-Keyboard-For-Android	Java	57	204	19	44.2647058824	0.142156862745
https://github.com/aduggin/accessibility-fails	HTML	56	97	3	44.0618556701	0.020618556701
https://github.com/minefold/hubot-minecraft	CoffeeScript	56	3	0	26.3333333333	0.0
https://github.com/mroth/emoji-data-js	CoffeeScript	53	75	1	49.32	0.0133333333333
https://github.com/benbalter/github-mention-highlighter	JavaScript	53	36	5	28.9444444444	0.111111111111
https://github.com/kenamick/game-off-2013	JavaScript	52	417	5	53.8417266187	0.0335731414868
https://github.com/ryanflorence/github-plusone-extension	JavaScript	51	25	5	57.32	0.2
https://github.com/razh/game-off-2013	JavaScript	50	345	0	50.8985507246	0.0
https://github.com/CityOfPhiladelphia/flu-shot-spec	Ruby	48	37	3	33.5675675676	0.162162162162
https://github.com/panzerdp/clipboardy	JavaScript	48	162	2	36.0308641975	0.0123456790123
https://github.com/ddionisio/game-off-2013	C#	47	74	0	31.8513513514	0.0
https://github.com/OpenInstitute/OpenDuka	PHP	47	106	23	166.924528302	0.0
https://github.com/Zolmeister/avabranch	JavaScript	46	38	4	21.6315789474	0.0526315789474
https://github.com/e-nable/Service-Station	CSS	41	211	27	58.7819905213	0.0805687203791
https://github.com/krzysu/game-off-2013	JavaScript	40	118	0	30.6186440678	0.0
https://github.com/sweetcarolinagames/BitBot	JavaScript	40	448	32	69.2745535714	0.09375
https://github.com/skalnik/peg-board-spindle		40	12	0	43.5	0.0
https://github.com/ForbesLindesay/github-real-names	JavaScript	39	7	1	48.8571428571	0.428571428571
https://github.com/RothschildGames/change	CoffeeScript	38	181	28	29.2928176796	0.0
https://github.com/chisimba/chisimba	JavaScript	38	7441	46	40.7482865206	0.0204273619137
https://github.com/WhiteHouse/fitara	CSS	38	170	47	49.2588235294	0.282352941176
https://github.com/news-hound/Ronin	JavaScript	37	19	0	45.4736842105	0.0
https://github.com/redbluegames/game-off-2013	C#	35	368	59	71.777173913	0.0
https://github.com/rootio/rootio_web	Python	35	573	93	45.6195462478	0.00174520069808
https://github.com/Octocarina/game-off-2012	JavaScript	34	356	3	114.41011236	0.182584269663
https://github.com/Yubico/wordpress-u2f	PHP	34	25	1	29.92	0.0
https://github.com/WeAllJS/weallbehave	JavaScript	32	17	0	41.6470588235	0.117647058824
https://github.com/ndd365/showup	CSS	32	42	11	32.0	0.0
https://github.com/AD1337/ForKingGame	ActionScript	31	16	2	23.0	0.125
https://github.com/Murkantilism/game-off-2013	C#	31	24	0	24.75	0.0
https://github.com/entria/graphql-vigilant-bot	JavaScript	31	12	2	31.0833333333	0.0833333333333
https://github.com/JuanitoFatas/mojime	Ruby	30	5	1	1934.8	0.4
https://github.com/mtravers/callcongress	Clojure	30	25	3	35.0	0.08
https://github.com/glennswest/kosselg1		30	23	1	39.1304347826	0.0
https://github.com/mike-north/chrome-github-boxcutter	JavaScript	29	21	1	19.7142857143	0.0
https://github.com/ogoshen/game-off-2012	JavaScript	28	21	3	21.1428571429	0.0952380952381
https://github.com/WeAllJS/weallcontribute	JavaScript	28	24	0	29.4583333333	0.0833333333333
https://github.com/kenamick/game-off-2012	JavaScript	27	179	5	67.843575419	0.0111731843575
https://github.com/svenanders/jetmanjr	JavaScript	26	94	2	11.2872340426	0.0212765957447
https://github.com/awesome-interactive/game-off-2013	C#	26	21	1	25.5238095238	0.0
https://github.com/debugpolitics/debugpolitics.github.io	HTML	26	98	28	52.0102040816	0.326530612245
https://github.com/regulately/regulately-front-end	JavaScript	26	226	47	43.9380530973	0.0530973451327
https://github.com/ajam/2014_payday-nation-data		26	2	0	23.5	0.0
https://github.com/dukechronicle/chronline	Ruby	25	2276	302	42.9920913884	0.0298769771529
https://github.com/skalnik/secret-bear-clip		23	7	0	27.8571428571	0.0
https://github.com/ktchernov/Dig-Deep-RL	CoffeeScript	22	56	0	55.5892857143	0.0
https://github.com/Yorubaname/yorubaname-website	Java	22	482	23	56.6867219917	0.120331950207
https://github.com/tdsmith/github-snooze-button	Python	22	72	0	29.4861111111	0.0277777777778
https://github.com/CommerceGov/Policies-and-Guidance		22	18	1	95.2777777778	0.0555555555556
https://github.com/adhicl/game-off-2012	ActionScript	21	17	2	33.7058823529	0.117647058824
https://github.com/openlexington/gethelplex	JavaScript	20	543	140	49.546961326	0.270718232044
https://github.com/sahuguet/influenza	Jupyter Notebook	20	20	6	45.7	0.3
https://github.com/josegallegos07/game-off-2013	JavaScript	18	686	14	23.9766763848	0.0
https://github.com/cwleonard/game-off-2015	JavaScript	18	57	3	25.8771929825	0.0350877192982
https://github.com/OperationCode/START_HERE		18	11	1	27.5454545455	0.272727272727
https://github.com/Kibibit/achievibit	JavaScript	18	182	16	76.1373626374	0.307692307692
https://github.com/fernjager/game-off-2013	JavaScript	17	90	4	28.0555555556	0.0444444444444
https://github.com/leereilly/hubot-minecraft-skin		17	6	1	39.1666666667	0.166666666667
https://github.com/JamesGable/skifree.js	JavaScript	15	139	12	48.1654676259	0.0431654676259
https://github.com/DancingBanana/genetic-drift	JavaScript	14	175	24	42.1885714286	0.0171428571429
https://github.com/sweetcarolinagames/Umbilicus-Ascension	C#	14	282	19	72.6489361702	0.297872340426
https://github.com/vladikoff/game-off-2012	JavaScript	13	25	3	24.8	0.08
https://github.com/Froggies/trake	JavaScript	13	142	1	35.4014084507	0.00704225352113
https://github.com/satanas/game-off-2015	JavaScript	12	129	3	29.5581395349	0.015503875969
https://github.com/Juzley/Typing-Knight	JavaScript	12	56	0	66.4464285714	0.0
https://github.com/kenamick/game-off-2015	JavaScript	12	201	4	34.9154228856	0.0
https://github.com/razh/upstream-commit	JavaScript	11	161	2	50.2857142857	0.0124223602484
https://github.com/Epiphane/avabranch	JavaScript	11	57	4	21.4561403509	0.0350877192982
https://github.com/IonicaBizau/octo-pakia	JavaScript	11	285	21	30.150877193	0.00701754385965
https://github.com/MistyMiracle/a-lighted-story	JavaScript	10	89	17	31.3707865169	0.123595505618
https://github.com/liline/pappu-pakia	JavaScript	9	293	27	31.3924914676	0.00682593856655
https://github.com/t4nuj/clumsy-bird	JavaScript	9	249	42	37.2851405622	0.176706827309
https://github.com/bitoiu/markwrap	JavaScript	9	12	1	29.6666666667	0.0833333333333
https://github.com/catalincraciun/Chromacore	C#	8	117	17	43.2905982906	0.0854700854701
https://github.com/AkirAssasin/ggo15-FloodIt	JavaScript	8	16	0	22.9375	0.0
https://github.com/Grub0/Lost-Beneath-The-Surface	JavaScript	7	13	0	78.8461538462	0.0
https://github.com/marpo60/github-compare-tags	JavaScript	7	12	0	51.5833333333	0.0
https://github.com/bitoiu/github-red-alert	CoffeeScript	3	3	0	23.0	0.0
